<?xml version="1.0"?>

<!DOCTYPE MODE SYSTEM "xmode.dtd">

<MODE>
	<PROPS>
		<PROPERTY NAME="commentStart" VALUE="/*" />
		<PROPERTY NAME="commentEnd" VALUE="*/" />
		<PROPERTY NAME="lineComment" VALUE="--" />
	</PROPS>
	<RULES IGNORE_CASE="TRUE" HIGHLIGHT_DIGITS="TRUE" ESCAPE="\">
		<SPAN TYPE="COMMENT1">
			<BEGIN>/*</BEGIN>
			<END>*/</END>
		</SPAN>
		<SPAN TYPE="LITERAL1">
			<BEGIN>"</BEGIN>
			<END>"</END>
		</SPAN>
		<SPAN TYPE="LITERAL1">
			<BEGIN>'</BEGIN>
			<END>'</END>
		</SPAN>

		<KEYWORDS>
		
			<KEYWORD1>ADD</KEYWORD1>
			<KEYWORD1>ALL</KEYWORD1>
			<KEYWORD1>ALTER</KEYWORD1>
			<KEYWORD1>ANALYZE</KEYWORD1>
			<KEYWORD1>AND</KEYWORD1>
			<KEYWORD1>AS</KEYWORD1>
			<KEYWORD1>ASC</KEYWORD1>
			<KEYWORD1>ASENSITIVE</KEYWORD1>
			<KEYWORD1>BEFORE</KEYWORD1>
			<KEYWORD1>BETWEEN</KEYWORD1>
			<KEYWORD1>BIGINT</KEYWORD1>
			<KEYWORD1>BINARY</KEYWORD1>
			<KEYWORD1>BLOB</KEYWORD1>
			<KEYWORD1>BOTH</KEYWORD1>
			<KEYWORD1>BY</KEYWORD1>
			<KEYWORD1>CALL</KEYWORD1>
			<KEYWORD1>CASCADE</KEYWORD1>
			<KEYWORD1>CASE</KEYWORD1>
			<KEYWORD1>CHANGE</KEYWORD1>
			<KEYWORD1>CHAR</KEYWORD1>
			<KEYWORD1>CHARACTER</KEYWORD1>
			<KEYWORD1>CHECK</KEYWORD1>
			<KEYWORD1>COLLATE</KEYWORD1>
			<KEYWORD1>COLUMN</KEYWORD1>
			<KEYWORD1>CONDITION</KEYWORD1>
			<KEYWORD1>CONNECTION</KEYWORD1>
			<KEYWORD1>CONSTRAINT</KEYWORD1>
			<KEYWORD1>CONTINUE</KEYWORD1>
			<KEYWORD1>CONVERT</KEYWORD1>
			<KEYWORD1>CREATE</KEYWORD1>
			<KEYWORD1>CROSS</KEYWORD1>
			<KEYWORD1>CURRENT_DATE</KEYWORD1>
			<KEYWORD1>CURRENT_TIME</KEYWORD1>
			<KEYWORD1>CURRENT_TIMESTAMP</KEYWORD1>
			<KEYWORD1>CURRENT_USER</KEYWORD1>
			<KEYWORD1>CURSOR</KEYWORD1>
			<KEYWORD1>DATABASE</KEYWORD1>
			<KEYWORD1>DATABASES</KEYWORD1>
			<KEYWORD1>DAY_HOUR</KEYWORD1>
			<KEYWORD1>DAY_MICROSECOND</KEYWORD1>
			<KEYWORD1>DAY_MINUTE</KEYWORD1>
			<KEYWORD1>DAY_SECOND</KEYWORD1>
			<KEYWORD1>DEC</KEYWORD1>
			<KEYWORD1>DECIMAL</KEYWORD1>
			<KEYWORD1>DECLARE</KEYWORD1>
			<KEYWORD1>DEFAULT</KEYWORD1>
			<KEYWORD1>DELAYED</KEYWORD1>
			<KEYWORD1>DELETE</KEYWORD1>
			<KEYWORD1>DESC</KEYWORD1>
			<KEYWORD1>DESCRIBE</KEYWORD1>
			<KEYWORD1>DETERMINISTIC</KEYWORD1>
			<KEYWORD1>DISTINCT</KEYWORD1>
			<KEYWORD1>DISTINCTROW</KEYWORD1>
			<KEYWORD1>DIV</KEYWORD1>
			<KEYWORD1>DOUBLE</KEYWORD1>
			<KEYWORD1>DROP</KEYWORD1>
			<KEYWORD1>DUAL</KEYWORD1>
			<KEYWORD1>EACH</KEYWORD1>
			<KEYWORD1>ELSE</KEYWORD1>
			<KEYWORD1>ELSEIF</KEYWORD1>
			<KEYWORD1>ENCLOSED</KEYWORD1>
			<KEYWORD1>ESCAPED</KEYWORD1>
			<KEYWORD1>EXISTS</KEYWORD1>
			<KEYWORD1>EXIT</KEYWORD1>
			<KEYWORD1>EXPLAIN</KEYWORD1>
			<KEYWORD1>FALSE</KEYWORD1>
			<KEYWORD1>FETCH</KEYWORD1>
			<KEYWORD1>FLOAT</KEYWORD1>
			<KEYWORD1>FOR</KEYWORD1>
			<KEYWORD1>FORCE</KEYWORD1>
			<KEYWORD1>FOREIGN</KEYWORD1>
			<KEYWORD1>FROM</KEYWORD1>
			<KEYWORD1>FULLTEXT</KEYWORD1>
			<KEYWORD1>GOTO</KEYWORD1>
			<KEYWORD1>GRANT</KEYWORD1>
			<KEYWORD1>GROUP</KEYWORD1>
			<KEYWORD1>HAVING</KEYWORD1>
			<KEYWORD1>HIGH_PRIORITY</KEYWORD1>
			<KEYWORD1>HOUR_MICROSECOND</KEYWORD1>
			<KEYWORD1>HOUR_MINUTE</KEYWORD1>
			<KEYWORD1>HOUR_SECOND</KEYWORD1>
			<KEYWORD1>IF</KEYWORD1>
			<KEYWORD1>IGNORE</KEYWORD1>
			<KEYWORD1>IN</KEYWORD1>
			<KEYWORD1>INDEX</KEYWORD1>
			<KEYWORD1>INFILE</KEYWORD1>
			<KEYWORD1>INNER</KEYWORD1>
			<KEYWORD1>INOUT</KEYWORD1>
			<KEYWORD1>INSENSITIVE</KEYWORD1>
			<KEYWORD1>INSERT</KEYWORD1>
			<KEYWORD1>INT</KEYWORD1>
			<KEYWORD1>INTEGER</KEYWORD1>
			<KEYWORD1>INTERVAL</KEYWORD1>
			<KEYWORD1>INTO</KEYWORD1>
			<KEYWORD1>IS</KEYWORD1>
			<KEYWORD1>ITERATE</KEYWORD1>
			<KEYWORD1>JOIN</KEYWORD1>
			<KEYWORD1>KEY</KEYWORD1>
			<KEYWORD1>KEYS</KEYWORD1>
			<KEYWORD1>KILL</KEYWORD1>
			<KEYWORD1>LEADING</KEYWORD1>
			<KEYWORD1>LEAVE</KEYWORD1>
			<KEYWORD1>LEFT</KEYWORD1>
			<KEYWORD1>LIKE</KEYWORD1>
			<KEYWORD1>LIMIT</KEYWORD1>
			<KEYWORD1>LINES</KEYWORD1>
			<KEYWORD1>LOAD</KEYWORD1>
			<KEYWORD1>LOCALTIME</KEYWORD1>
			<KEYWORD1>LOCALTIMESTAMP</KEYWORD1>
			<KEYWORD1>LOCK</KEYWORD1>
			<KEYWORD1>LONG</KEYWORD1>
			<KEYWORD1>LONGBLOB</KEYWORD1>
			<KEYWORD1>LONGTEXT</KEYWORD1>
			<KEYWORD1>LOOP</KEYWORD1>
			<KEYWORD1>LOW_PRIORITY</KEYWORD1>
			<KEYWORD1>MATCH</KEYWORD1>
			<KEYWORD1>MEDIUMBLOB</KEYWORD1>
			<KEYWORD1>MEDIUMINT</KEYWORD1>
			<KEYWORD1>MEDIUMTEXT</KEYWORD1>
			<KEYWORD1>MIDDLEINT</KEYWORD1>
			<KEYWORD1>MINUTE_MICROSECOND</KEYWORD1>
			<KEYWORD1>MINUTE_SECOND</KEYWORD1>
			<KEYWORD1>MOD</KEYWORD1>
			<KEYWORD1>MODIFIES</KEYWORD1>
			<KEYWORD1>NATURAL</KEYWORD1>
			<KEYWORD1>NOT</KEYWORD1>
			<KEYWORD1>NO_WRITE_TO_BINLOG</KEYWORD1>
			<KEYWORD1>NULL</KEYWORD1>
			<KEYWORD1>NUMERIC</KEYWORD1>
			<KEYWORD1>ON</KEYWORD1>
			<KEYWORD1>OPTIMIZE</KEYWORD1>
			<KEYWORD1>OPTION</KEYWORD1>
			<KEYWORD1>OPTIONALLY</KEYWORD1>
			<KEYWORD1>OR</KEYWORD1>
			<KEYWORD1>ORDER</KEYWORD1>
			<KEYWORD1>OUT</KEYWORD1>
			<KEYWORD1>OUTER</KEYWORD1>
			<KEYWORD1>OUTFILE</KEYWORD1>
			<KEYWORD1>PRECISION</KEYWORD1>
			<KEYWORD1>PRIMARY</KEYWORD1>
			<KEYWORD1>PROCEDURE</KEYWORD1>
			<KEYWORD1>PURGE</KEYWORD1>
			<KEYWORD1>READ</KEYWORD1>
			<KEYWORD1>READS</KEYWORD1>
			<KEYWORD1>REAL</KEYWORD1>
			<KEYWORD1>REFERENCES</KEYWORD1>
			<KEYWORD1>REGEXP</KEYWORD1>
			<KEYWORD1>RENAME</KEYWORD1>
			<KEYWORD1>REPEAT</KEYWORD1>
			<KEYWORD1>REPLACE</KEYWORD1>
			<KEYWORD1>REQUIRE</KEYWORD1>
			<KEYWORD1>RESTRICT</KEYWORD1>
			<KEYWORD1>RETURN</KEYWORD1>
			<KEYWORD1>REVOKE</KEYWORD1>
			<KEYWORD1>RIGHT</KEYWORD1>
			<KEYWORD1>RLIKE</KEYWORD1>
			<KEYWORD1>SCHEMA</KEYWORD1>
			<KEYWORD1>SCHEMAS</KEYWORD1>
			<KEYWORD1>SECOND_MICROSECOND</KEYWORD1>
			<KEYWORD1>SELECT</KEYWORD1>
			<KEYWORD1>SENSITIVE</KEYWORD1>
			<KEYWORD1>SEPARATOR</KEYWORD1>
			<KEYWORD1>SET</KEYWORD1>
			<KEYWORD1>SHOW</KEYWORD1>
			<KEYWORD1>SMALLINT</KEYWORD1>
			<KEYWORD1>SONAME</KEYWORD1>
			<KEYWORD1>SPATIAL</KEYWORD1>
			<KEYWORD1>SPECIFIC</KEYWORD1>
			<KEYWORD1>SQL</KEYWORD1>
			<KEYWORD1>SQLEXCEPTION</KEYWORD1>
			<KEYWORD1>SQLSTATE</KEYWORD1>
			<KEYWORD1>SQLWARNING</KEYWORD1>
			<KEYWORD1>SQL_BIG_RESULT</KEYWORD1>
			<KEYWORD1>SQL_CALC_FOUND_ROWS</KEYWORD1>
			<KEYWORD1>SQL_SMALL_RESULT</KEYWORD1>
			<KEYWORD1>SSL</KEYWORD1>
			<KEYWORD1>STARTING</KEYWORD1>
			<KEYWORD1>STRAIGHT_JOIN</KEYWORD1>
			<KEYWORD1>TABLE</KEYWORD1>
			<KEYWORD1>TERMINATED</KEYWORD1>
			<KEYWORD1>THEN</KEYWORD1>
			<KEYWORD1>TINYBLOB</KEYWORD1>
			<KEYWORD1>TINYINT</KEYWORD1>
			<KEYWORD1>TINYTEXT</KEYWORD1>
			<KEYWORD1>TO</KEYWORD1>
			<KEYWORD1>TRAILING</KEYWORD1>
			<KEYWORD1>TRIGGER</KEYWORD1>
			<KEYWORD1>TRUE</KEYWORD1>
			<KEYWORD1>UNDO</KEYWORD1>
			<KEYWORD1>UNION</KEYWORD1>
			<KEYWORD1>UNIQUE</KEYWORD1>
			<KEYWORD1>UNLOCK</KEYWORD1>
			<KEYWORD1>UNSIGNED</KEYWORD1>
			<KEYWORD1>UPDATE</KEYWORD1>
			<KEYWORD1>USAGE</KEYWORD1>
			<KEYWORD1>USE</KEYWORD1>
			<KEYWORD1>USING</KEYWORD1>
			<KEYWORD1>UTC_DATE</KEYWORD1>
			<KEYWORD1>UTC_TIME</KEYWORD1>
			<KEYWORD1>UTC_TIMESTAMP</KEYWORD1>
			<KEYWORD1>VALUES</KEYWORD1>
			<KEYWORD1>VARBINARY</KEYWORD1>
			<KEYWORD1>VARCHAR</KEYWORD1>
			<KEYWORD1>VARCHARACTER</KEYWORD1>
			<KEYWORD1>VARYING</KEYWORD1>
			<KEYWORD1>WHEN</KEYWORD1>
			<KEYWORD1>WHERE</KEYWORD1>
			<KEYWORD1>WHILE</KEYWORD1>
			<KEYWORD1>WITH</KEYWORD1>
			<KEYWORD1>WRITE</KEYWORD1>
			<KEYWORD1>XOR</KEYWORD1>
			<KEYWORD1>YEAR_MONTH</KEYWORD1>
			<KEYWORD1>ZEROFILL</KEYWORD1>
		
		</KEYWORDS>
	</RULES>
</MODE>

