<?xml version="1.0"?>

<!DOCTYPE MODE SYSTEM "xmode.dtd">

<!-- Highlighting for squid.conf by Kris Kopicki (29/11/2003). For squid 2.5-stable -->
<MODE>
	<PROPS>
		<PROPERTY NAME="lineComment" VALUE="#"/>
	</PROPS>
	<RULES ESCAPE="\" IGNORE_CASE="FALSE" HIGHLIGHT_DIGITS="TRUE">
		<!-- Comment -->
		<EOL_SPAN TYPE="COMMENT1">#</EOL_SPAN>
		
		<KEYWORDS>
			<KEYWORD1>http_port</KEYWORD1>
			<KEYWORD1>https_port</KEYWORD1>
			<KEYWORD1>ssl_unclean_shutdown</KEYWORD1>
			<KEYWORD1>icp_port</KEYWORD1>
			<KEYWORD1>htcp_port</KEYWORD1>
			<KEYWORD1>mcast_groups</KEYWORD1>
			<KEYWORD1>udp_incoming_address</KEYWORD1>
			<KEYWORD1>udp_outgoing_address</KEYWORD1>
			<KEYWORD1>cache_peer</KEYWORD1>
			<KEYWORD1>cache_peer_domain</KEYWORD1>
			<KEYWORD1>neighbor_type_domain</KEYWORD1>
			<KEYWORD1>icp_query_timeout</KEYWORD1>
			<KEYWORD1>maximum_icp_query_timeout</KEYWORD1>
			<KEYWORD1>mcast_icp_query_timeout</KEYWORD1>
			<KEYWORD1>dead_peer_timeout</KEYWORD1>
			<KEYWORD1>hierarchy_stoplist</KEYWORD1>
			<KEYWORD1>no_cache</KEYWORD1>
			<KEYWORD1>cache_mem</KEYWORD1>
			<KEYWORD1>cache_swap_low</KEYWORD1>
			<KEYWORD1>cache_swap_high</KEYWORD1>
			<KEYWORD1>maximum_object_size</KEYWORD1>
			<KEYWORD1>minimum_object_size</KEYWORD1>
			<KEYWORD1>maximum_object_size_in_memory</KEYWORD1>
			<KEYWORD1>ipcache_size</KEYWORD1>
			<KEYWORD1>ipcache_low</KEYWORD1>
			<KEYWORD1>ipcache_high</KEYWORD1>
			<KEYWORD1>fqdncache_size</KEYWORD1>
			<KEYWORD1>cache_replacement_policy</KEYWORD1>
			<KEYWORD1>memory_replacement_policy</KEYWORD1>
			<KEYWORD1>cache_dir</KEYWORD1>
			<KEYWORD1>cache_access_log</KEYWORD1>
			<KEYWORD1>cache_log</KEYWORD1>
			<KEYWORD1>cache_store_log</KEYWORD1>
			<KEYWORD1>cache_swap_log</KEYWORD1>
			<KEYWORD1>emulate_httpd_log</KEYWORD1>
			<KEYWORD1>log_ip_on_direct</KEYWORD1>
			<KEYWORD1>mime_table</KEYWORD1>
			<KEYWORD1>log_mime_hdrs</KEYWORD1>
			<KEYWORD1>useragent_log</KEYWORD1>
			<KEYWORD1>referer_log</KEYWORD1>
			<KEYWORD1>pid_filename</KEYWORD1>
			<KEYWORD1>debug_options</KEYWORD1>
			<KEYWORD1>log_fqdn</KEYWORD1>
			<KEYWORD1>client_netmask</KEYWORD1>
			<KEYWORD1>ftp_user</KEYWORD1>
			<KEYWORD1>ftp_list_width</KEYWORD1>
			<KEYWORD1>ftp_passive</KEYWORD1>
			<KEYWORD1>ftp_sanitycheck</KEYWORD1>
			<KEYWORD1>cache_dns_program</KEYWORD1>
			<KEYWORD1>dns_children</KEYWORD1>
			<KEYWORD1>dns_retransmit_interval</KEYWORD1>
			<KEYWORD1>dns_timeout</KEYWORD1>
			<KEYWORD1>dns_defnames</KEYWORD1>
			<KEYWORD1>dns_nameservers</KEYWORD1>
			<KEYWORD1>hosts_file</KEYWORD1>
			<KEYWORD1>diskd_program</KEYWORD1>
			<KEYWORD1>unlinkd_program</KEYWORD1>
			<KEYWORD1>pinger_program</KEYWORD1>
			<KEYWORD1>redirect_program</KEYWORD1>
			<KEYWORD1>redirect_children</KEYWORD1>
			<KEYWORD1>redirect_rewrites_host_header</KEYWORD1>
			<KEYWORD1>redirector_access</KEYWORD1>
			<KEYWORD1>auth_param</KEYWORD1>
			<KEYWORD1>authenticate_cache_garbage_interval</KEYWORD1>
			<KEYWORD1>authenticate_ttl</KEYWORD1>
			<KEYWORD1>authenticate_ip_ttl</KEYWORD1>
			<KEYWORD1>external_acl_type</KEYWORD1>
			<KEYWORD1>wais_relay_host</KEYWORD1>
			<KEYWORD1>wais_relay_port</KEYWORD1>
			<KEYWORD1>request_header_max_size</KEYWORD1>
			<KEYWORD1>request_body_max_size</KEYWORD1>
			<KEYWORD1>refresh_pattern</KEYWORD1>
			<KEYWORD1>quick_abort_min</KEYWORD1>
			<KEYWORD1>quick_abort_max</KEYWORD1>
			<KEYWORD1>quick_abort_pct</KEYWORD1>
			<KEYWORD1>negative_ttl</KEYWORD1>
			<KEYWORD1>positive_dns_ttl</KEYWORD1>
			<KEYWORD1>negative_dns_ttl</KEYWORD1>
			<KEYWORD1>range_offset_limit</KEYWORD1>
			<KEYWORD1>connect_timeout</KEYWORD1>
			<KEYWORD1>peer_connect_timeout</KEYWORD1>
			<KEYWORD1>read_timeout</KEYWORD1>
			<KEYWORD1>request_timeout</KEYWORD1>
			<KEYWORD1>persistent_request_timeout</KEYWORD1>
			<KEYWORD1>client_lifetime</KEYWORD1>
			<KEYWORD1>half_closed_clients</KEYWORD1>
			<KEYWORD1>pconn_timeout</KEYWORD1>
			<KEYWORD1>ident_timeout</KEYWORD1>
			<KEYWORD1>shutdown_lifetime</KEYWORD1>
			<KEYWORD1>acl</KEYWORD1>
			<KEYWORD1>http_access</KEYWORD1>
			<KEYWORD1>http_reply_access</KEYWORD1>
			<KEYWORD1>icp_access</KEYWORD1>
			<KEYWORD1>miss_access</KEYWORD1>
			<KEYWORD1>cache_peer_access</KEYWORD1>
			<KEYWORD1>ident_lookup_access</KEYWORD1>
			<KEYWORD1>tcp_outgoing_tos</KEYWORD1>
			<KEYWORD1>tcp_outgoing_address</KEYWORD1>
			<KEYWORD1>reply_body_max_size</KEYWORD1>
			<KEYWORD1>cache_mgr</KEYWORD1>
			<KEYWORD1>cache_effective_user</KEYWORD1>
			<KEYWORD1>cache_effective_group</KEYWORD1>
			<KEYWORD1>visible_hostname</KEYWORD1>
			<KEYWORD1>unique_hostname</KEYWORD1>
			<KEYWORD1>hostname_aliases</KEYWORD1>
			<KEYWORD1>announce_period</KEYWORD1>
			<KEYWORD1>announce_host</KEYWORD1>
			<KEYWORD1>announce_file</KEYWORD1>
			<KEYWORD1>announce_port</KEYWORD1>
			<KEYWORD1>httpd_accel_host</KEYWORD1>
			<KEYWORD1>httpd_accel_port</KEYWORD1>
			<KEYWORD1>httpd_accel_single_host</KEYWORD1>
			<KEYWORD1>httpd_accel_with_proxy</KEYWORD1>
			<KEYWORD1>httpd_accel_uses_host_header</KEYWORD1>
			<KEYWORD1>dns_testnames</KEYWORD1>
			<KEYWORD1>logfile_rotate</KEYWORD1>
			<KEYWORD1>append_domain</KEYWORD1>
			<KEYWORD1>tcp_recv_bufsize</KEYWORD1>
			<KEYWORD1>err_html_text</KEYWORD1>
			<KEYWORD1>deny_info</KEYWORD1>
			<KEYWORD1>memory_pools</KEYWORD1>
			<KEYWORD1>memory_pools_limit</KEYWORD1>
			<KEYWORD1>forwarded_for</KEYWORD1>
			<KEYWORD1>log_icp_queries</KEYWORD1>
			<KEYWORD1>icp_hit_stale</KEYWORD1>
			<KEYWORD1>minimum_direct_hops</KEYWORD1>
			<KEYWORD1>minimum_direct_rtt</KEYWORD1>
			<KEYWORD1>cachemgr_passwd</KEYWORD1>
			<KEYWORD1>store_avg_object_size</KEYWORD1>
			<KEYWORD1>store_objects_per_bucket</KEYWORD1>
			<KEYWORD1>client_db</KEYWORD1>
			<KEYWORD1>netdb_low</KEYWORD1>
			<KEYWORD1>netdb_high</KEYWORD1>
			<KEYWORD1>netdb_ping_period</KEYWORD1>
			<KEYWORD1>query_icmp</KEYWORD1>
			<KEYWORD1>test_reachability</KEYWORD1>
			<KEYWORD1>buffered_logs</KEYWORD1>
			<KEYWORD1>reload_into_ims</KEYWORD1>
			<KEYWORD1>always_direct</KEYWORD1>
			<KEYWORD1>never_direct</KEYWORD1>
			<KEYWORD1>header_access</KEYWORD1>
			<KEYWORD1>header_replace</KEYWORD1>
			<KEYWORD1>icon_directory</KEYWORD1>
			<KEYWORD1>error_directory</KEYWORD1>
			<KEYWORD1>maximum_single_addr_tries</KEYWORD1>
			<KEYWORD1>snmp_port</KEYWORD1>
			<KEYWORD1>snmp_access</KEYWORD1>
			<KEYWORD1>snmp_incoming_address</KEYWORD1>
			<KEYWORD1>snmp_outgoing_address</KEYWORD1>
			<KEYWORD1>as_whois_server</KEYWORD1>
			<KEYWORD1>wccp_router</KEYWORD1>
			<KEYWORD1>wccp_version</KEYWORD1>
			<KEYWORD1>wccp_incoming_address</KEYWORD1>
			<KEYWORD1>wccp_outgoing_address</KEYWORD1>
			<KEYWORD1>delay_pools</KEYWORD1>
			<KEYWORD1>delay_class</KEYWORD1>
			<KEYWORD1>delay_access</KEYWORD1>
			<KEYWORD1>delay_parameters</KEYWORD1>
			<KEYWORD1>delay_initial_bucket_level</KEYWORD1>
			<KEYWORD1>incoming_icp_average</KEYWORD1>
			<KEYWORD1>incoming_http_average</KEYWORD1>
			<KEYWORD1>incoming_dns_average</KEYWORD1>
			<KEYWORD1>min_icp_poll_cnt</KEYWORD1>
			<KEYWORD1>min_dns_poll_cnt</KEYWORD1>
			<KEYWORD1>min_http_poll_cnt</KEYWORD1>
			<KEYWORD1>max_open_disk_fds</KEYWORD1>
			<KEYWORD1>offline_mode</KEYWORD1>
			<KEYWORD1>uri_whitespace</KEYWORD1>
			<KEYWORD1>broken_posts</KEYWORD1>
			<KEYWORD1>mcast_miss_addr</KEYWORD1>
			<KEYWORD1>mcast_miss_ttl</KEYWORD1>
			<KEYWORD1>mcast_miss_port</KEYWORD1>
			<KEYWORD1>mcast_miss_encode_key</KEYWORD1>
			<KEYWORD1>nonhierarchical_direct</KEYWORD1>
			<KEYWORD1>prefer_direct</KEYWORD1>
			<KEYWORD1>strip_query_terms</KEYWORD1>
			<KEYWORD1>coredump_dir</KEYWORD1>
			<KEYWORD1>redirector_bypass</KEYWORD1>
			<KEYWORD1>ignore_unknown_nameservers</KEYWORD1>
			<KEYWORD1>digest_generation</KEYWORD1>
			<KEYWORD1>digest_bits_per_entry</KEYWORD1>
			<KEYWORD1>digest_rebuild_period</KEYWORD1>
			<KEYWORD1>digest_rewrite_period</KEYWORD1>
			<KEYWORD1>digest_swapout_chunk_size</KEYWORD1>
			<KEYWORD1>digest_rebuild_chunk_percentage</KEYWORD1>
			<KEYWORD1>chroot</KEYWORD1>
			<KEYWORD1>client_persistent_connections</KEYWORD1>
			<KEYWORD1>server_persistent_connections</KEYWORD1>
			<KEYWORD1>pipeline_prefetch</KEYWORD1>
			<KEYWORD1>extension_methods</KEYWORD1>
			<KEYWORD1>request_entities</KEYWORD1>
			<KEYWORD1>high_response_time_warning</KEYWORD1>
			<KEYWORD1>high_page_fault_warning</KEYWORD1>
			<KEYWORD1>high_memory_warning</KEYWORD1>
			<KEYWORD1>store_dir_select_algorithm</KEYWORD1>
			<KEYWORD1>forward_log</KEYWORD1>
			<KEYWORD1>ie_refresh</KEYWORD1>
			<KEYWORD1>vary_ignore_expire</KEYWORD1>
			<KEYWORD1>sleep_after_fork</KEYWORD1>
			
			<KEYWORD2>dst</KEYWORD2>
			<KEYWORD2>src</KEYWORD2>
			<KEYWORD2>method</KEYWORD2>
			<KEYWORD2>port</KEYWORD2>
			<KEYWORD2>proxy_auth</KEYWORD2>
			
			<LITERAL2>on</LITERAL2>
			<LITERAL2>off</LITERAL2>
			<LITERAL2>allow</LITERAL2>
			<LITERAL2>deny</LITERAL2>
		</KEYWORDS>
	</RULES>
</MODE>
