<?xml version="1.0"?>

<!DOCTYPE SERVICES SYSTEM "services.dtd">

<SERVICES>
	<!-- Virtual file systems -->
	<SERVICE CLASS="org.gjt.sp.jedit.io.VFS" NAME="favorites">
		new FavoritesVFS();
	</SERVICE>
	<SERVICE CLASS="org.gjt.sp.jedit.io.VFS" NAME="roots">
		new FileRootsVFS();
	</SERVICE>

	<!-- Fold handlers -->
	<SERVICE CLASS="org.gjt.sp.jedit.buffer.FoldHandler" NAME="explicit">
		new ExplicitFoldHandler();
	</SERVICE>
	<SERVICE CLASS="org.gjt.sp.jedit.buffer.FoldHandler" NAME="indent">
		new IndentFoldHandler();
	</SERVICE>
	<SERVICE CLASS="org.gjt.sp.jedit.buffer.FoldHandler" NAME="none">
		new DummyFoldHandler();
	</SERVICE>
</SERVICES>
